{
  "dataset": "cnamuangtoun/resume-job-description-fit (test split)",
  "n_pairs": 1759,
  "n_jobs_benchmarked": 14,
  "min_candidates": 30,
  "relevant_def": "Good Fit (graded NDCG: Good=2, Potential=1, No=0)",
  "ensemble_ge_best_single_jobs": 3,
  "summary_macro": {
    "random": {
      "ndcg@10": 0.5646777831078971,
      "ndcg@50": 0.7686205709452609,
      "map": 0.5733143276127388,
      "p@10": 0.5325
    },
    "tfidf_word": {
      "ndcg@10": 0.5507114619622764,
      "ndcg@50": 0.779178196848623,
      "map": 0.5961808554272956,
      "p@10": 0.5285714285714286
    },
    "tfidf_char": {
      "ndcg@10": 0.5939621300287311,
      "ndcg@50": 0.7930871124048132,
      "map": 0.611795485900709,
      "p@10": 0.5571428571428572
    },
    "embeddings": {
      "ndcg@10": 0.688027676981054,
      "ndcg@50": 0.8226372552884739,
      "map": 0.6420774420209691,
      "p@10": 0.6214285714285713
    },
    "ENSEMBLE (RRF)": {
      "ndcg@10": 0.6688184178517451,
      "ndcg@50": 0.8146891604313501,
      "map": 0.6325530942581734,
      "p@10": 0.6142857142857144
    }
  },
  "top_jobs": [
    {
      "job": "Who we are?For the past 20 years, we have powered many Digital Experie",
      "n": 87,
      "n_relevant": 48,
      "results": {
        "random": {
          "ndcg@10": 0.5639853594451747,
          "ndcg@50": 0.5710549314973918,
          "map": 0.5751804630992187,
          "p@10": 0.5449999999999999
        },
        "tfidf_word": {
          "ndcg@10": 0.2520649403266671,
          "ndcg@50": 0.43168309371730607,
          "map": 0.48211058765121956,
          "p@10": 0.3
        },
        "tfidf_char": {
          "ndcg@10": 0.20248323207250624,
          "ndcg@50": 0.49341937233073524,
          "map": 0.49800626044651874,
          "p@10": 0.2
        },
        "embeddings": {
          "ndcg@10": 0.5145453383841812,
          "ndcg@50": 0.5665987163525781,
          "map": 0.56234632713739,
          "p@10": 0.5
        },
        "ENSEMBLE (RRF)": {
          "ndcg@10": 0.47010174003740723,
          "ndcg@50": 0.5009606375244928,
          "map": 0.5237486625749656,
          "p@10": 0.5
        }
      }
    },
    {
      "job": "ServiceNow BA perspective, here are some of the requirements: Years of",
      "n": 69,
      "n_relevant": 35,
      "results": {
        "random": {
          "ndcg@10": 0.5096296710738448,
          "ndcg@50": 0.6539537058350726,
          "map": 0.5382823161434074,
          "p@10": 0.485
        },
        "tfidf_word": {
          "ndcg@10": 0.49857235572538383,
          "ndcg@50": 0.7173554403518918,
          "map": 0.5326161937961197,
          "p@10": 0.4
        },
        "tfidf_char": {
          "ndcg@10": 0.5033242827953464,
          "ndcg@50": 0.7132084078862807,
          "map": 0.5776634797709583,
          "p@10": 0.4
        },
        "embeddings": {
          "ndcg@10": 0.560516056408915,
          "ndcg@50": 0.6687264541330805,
          "map": 0.5249055805398412,
          "p@10": 0.4
        },
        "ENSEMBLE (RRF)": {
          "ndcg@10": 0.5672274908036509,
          "ndcg@50": 0.6818423020615345,
          "map": 0.5214225022359085,
          "p@10": 0.5
        }
      }
    },
    {
      "job": "Role: Lead Data EngineerLocation: RemoteDuration: Long Term 8 to 10 ye",
      "n": 64,
      "n_relevant": 23,
      "results": {
        "random": {
          "ndcg@10": 0.3788920169193736,
          "ndcg@50": 0.6180957287344772,
          "map": 0.38112979770838695,
          "p@10": 0.31999999999999995
        },
        "tfidf_word": {
          "ndcg@10": 0.0636207881989517,
          "ndcg@50": 0.5678478456494013,
          "map": 0.3490725021941666,
          "p@10": 0.1
        },
        "tfidf_char": {
          "ndcg@10": 0.0636207881989517,
          "ndcg@50": 0.5096179323753526,
          "map": 0.325175502725263,
          "p@10": 0.1
        },
        "embeddings": {
          "ndcg@10": 0.1487639058405727,
          "ndcg@50": 0.5347330918083261,
          "map": 0.3327935437981657,
          "p@10": 0.2
        },
        "ENSEMBLE (RRF)": {
          "ndcg@10": 0.07336392209936006,
          "ndcg@50": 0.519373453934983,
          "map": 0.3339139965335459,
          "p@10": 0.1
        }
      }
    },
    {
      "job": "Company Overview\nDocuSign helps organizations connect and automate how",
      "n": 63,
      "n_relevant": 19,
      "results": {
        "random": {
          "ndcg@10": 0.38278677064773187,
          "ndcg@50": 0.6218811186892622,
          "map": 0.34408966612396186,
          "p@10": 0.2899999999999999
        },
        "tfidf_word": {
          "ndcg@10": 0.4953425393469836,
          "ndcg@50": 0.7563095431120702,
          "map": 0.4365327712720967,
          "p@10": 0.4
        },
        "tfidf_char": {
          "ndcg@10": 0.36432955876144135,
          "ndcg@50": 0.6783284914416354,
          "map": 0.44996890739269035,
          "p@10": 0.4
        },
        "embeddings": {
          "ndcg@10": 0.676375231712266,
          "ndcg@50": 0.7279640599837213,
          "map": 0.44654504053984756,
          "p@10": 0.5
        },
        "ENSEMBLE (RRF)": {
          "ndcg@10": 0.6652058827454841,
          "ndcg@50": 0.7485336141574723,
          "map": 0.45493959075950186,
          "p@10": 0.6
        }
      }
    },
    {
      "job": "Who we are:Founded in 2017, Gatik is the leader in autonomous middle m",
      "n": 57,
      "n_relevant": 30,
      "results": {
        "random": {
          "ndcg@10": 0.5431507826879788,
          "ndcg@50": 0.7452153032475117,
          "map": 0.5556602232167437,
          "p@10": 0.5399999999999999
        },
        "tfidf_word": {
          "ndcg@10": 0.6538191221583696,
          "ndcg@50": 0.8101701642124696,
          "map": 0.5613549462895473,
          "p@10": 0.6
        },
        "tfidf_char": {
          "ndcg@10": 0.5676818677290053,
          "ndcg@50": 0.7458885964770363,
          "map": 0.5783466385876468,
          "p@10": 0.7
        },
        "embeddings": {
          "ndcg@10": 0.8282735412561518,
          "ndcg@50": 0.880304598516419,
          "map": 0.6749664711810957,
          "p@10": 0.7
        },
        "ENSEMBLE (RRF)": {
          "ndcg@10": 0.8643145546088337,
          "ndcg@50": 0.8803001986562855,
          "map": 0.6749232769767795,
          "p@10": 0.8
        }
      }
    }
  ]
}