{
  "dataset": "cnamuangtoun/resume-job-description-fit (test split)",
  "task": "rank the full candidate corpus per job (unjudged = No-Fit)",
  "n_pairs": 1759,
  "n_candidates_pool": 477,
  "n_jobs_benchmarked": 19,
  "min_good": 8,
  "relevant_def": "Good Fit (graded NDCG: Good=2, Potential=1, No=0)",
  "ensemble_ge_best_single_jobs": 4,
  "summary_macro": {
    "random": {
      "ndcg@10": 0.049308901812719706,
      "ndcg@50": 0.08435590871920909,
      "map": 0.06079234709225481,
      "p@10": 0.04657894736842107
    },
    "tfidf_word": {
      "ndcg@10": 0.20489546978101197,
      "ndcg@50": 0.23493806646839613,
      "map": 0.13727185336933834,
      "p@10": 0.18947368421052635
    },
    "tfidf_char": {
      "ndcg@10": 0.14997562947972548,
      "ndcg@50": 0.21540797468866713,
      "map": 0.12395259099241299,
      "p@10": 0.12631578947368424
    },
    "embeddings": {
      "ndcg@10": 0.20990179263900902,
      "ndcg@50": 0.25745404211332856,
      "map": 0.14966752952212992,
      "p@10": 0.21052631578947367
    },
    "ENSEMBLE (RRF)": {
      "ndcg@10": 0.2189912982233966,
      "ndcg@50": 0.2672676586886497,
      "map": 0.15561181112768957,
      "p@10": 0.20000000000000004
    }
  },
  "top_jobs": [
    {
      "job": "Who we are?For the past 20 years, we have powered many Digital Experie",
      "pool": 477,
      "n_good": 48,
      "results": {
        "random": {
          "ndcg@10": 0.12619965967310248,
          "ndcg@50": 0.11972549319474249,
          "map": 0.11403966713365883,
          "p@10": 0.12000000000000002
        },
        "tfidf_word": {
          "ndcg@10": 0.0,
          "ndcg@50": 0.0829623085262939,
          "map": 0.11253075503841807,
          "p@10": 0.0
        },
        "tfidf_char": {
          "ndcg@10": 0.06943122193677727,
          "ndcg@50": 0.08983811299099131,
          "map": 0.12055543032234521,
          "p@10": 0.1
        },
        "embeddings": {
          "ndcg@10": 0.30315953217404545,
          "ndcg@50": 0.17993854720295432,
          "map": 0.14333620225029312,
          "p@10": 0.4
        },
        "ENSEMBLE (RRF)": {
          "ndcg@10": 0.06943122193677727,
          "ndcg@50": 0.136613649796877,
          "map": 0.12666134015869782,
          "p@10": 0.1
        }
      }
    },
    {
      "job": "ServiceNow BA perspective, here are some of the requirements: Years of",
      "pool": 477,
      "n_good": 35,
      "results": {
        "random": {
          "ndcg@10": 0.06058833030091167,
          "ndcg@50": 0.07953221027607744,
          "map": 0.08024935657866226,
          "p@10": 0.065
        },
        "tfidf_word": {
          "ndcg@10": 0.33013764944712026,
          "ndcg@50": 0.18928423004485143,
          "map": 0.14446339810367612,
          "p@10": 0.2
        },
        "tfidf_char": {
          "ndcg@10": 0.2832325164972662,
          "ndcg@50": 0.1820605015685143,
          "map": 0.12092864734623932,
          "p@10": 0.3
        },
        "embeddings": {
          "ndcg@10": 0.1584091525685025,
          "ndcg@50": 0.12195390053344665,
          "map": 0.10616598157554015,
          "p@10": 0.2
        },
        "ENSEMBLE (RRF)": {
          "ndcg@10": 0.33013764944712026,
          "ndcg@50": 0.2139815315360136,
          "map": 0.14109287283616098,
          "p@10": 0.2
        }
      }
    },
    {
      "job": "X is Alphabets moonshot factory. We are a diverse group of inventors a",
      "pool": 477,
      "n_good": 31,
      "results": {
        "random": {
          "ndcg@10": 0.0642010579740306,
          "ndcg@50": 0.10715023789813234,
          "map": 0.08198935610254872,
          "p@10": 0.05500000000000001
        },
        "tfidf_word": {
          "ndcg@10": 0.0636207881989517,
          "ndcg@50": 0.13773489017124926,
          "map": 0.10162586556982761,
          "p@10": 0.1
        },
        "tfidf_char": {
          "ndcg@10": 0.0,
          "ndcg@50": 0.06374460978496294,
          "map": 0.06262178897119343,
          "p@10": 0.0
        },
        "embeddings": {
          "ndcg@10": 0.2934367834519528,
          "ndcg@50": 0.24273029640257113,
          "map": 0.14875762450740768,
          "p@10": 0.3
        },
        "ENSEMBLE (RRF)": {
          "ndcg@10": 0.17318663334822615,
          "ndcg@50": 0.1676734842544407,
          "map": 0.11823887869364595,
          "p@10": 0.2
        }
      }
    },
    {
      "job": "Who we are:Founded in 2017, Gatik is the leader in autonomous middle m",
      "pool": 477,
      "n_good": 30,
      "results": {
        "random": {
          "ndcg@10": 0.03884876239342876,
          "ndcg@50": 0.08462963807301861,
          "map": 0.07246342163543434,
          "p@10": 0.035
        },
        "tfidf_word": {
          "ndcg@10": 0.29345568839744024,
          "ndcg@50": 0.22595907198178597,
          "map": 0.14447196251455752,
          "p@10": 0.2
        },
        "tfidf_char": {
          "ndcg@10": 0.0,
          "ndcg@50": 0.11507227282079753,
          "map": 0.07945447560567061,
          "p@10": 0.0
        },
        "embeddings": {
          "ndcg@10": 0.11004588314904008,
          "ndcg@50": 0.20814325506912582,
          "map": 0.13004210804598829,
          "p@10": 0.1
        },
        "ENSEMBLE (RRF)": {
          "ndcg@10": 0.2304738097607171,
          "ndcg@50": 0.2223705383131288,
          "map": 0.13427412681270276,
          "p@10": 0.3
        }
      }
    },
    {
      "job": "Location: Tampa, FL\nExp: 7-10 Yrs\nSPOC: Tushar Kshirsagar\nKey Skills: ",
      "pool": 477,
      "n_good": 28,
      "results": {
        "random": {
          "ndcg@10": 0.03198134286746747,
          "ndcg@50": 0.0813910242977903,
          "map": 0.06488913756683456,
          "p@10": 0.03
        },
        "tfidf_word": {
          "ndcg@10": 0.0996051983783259,
          "ndcg@50": 0.1796763555052927,
          "map": 0.10602349279082812,
          "p@10": 0.1
        },
        "tfidf_char": {
          "ndcg@10": 0.0,
          "ndcg@50": 0.058901141707419225,
          "map": 0.051590253115123934,
          "p@10": 0.0
        },
        "embeddings": {
          "ndcg@10": 0.3024038304938509,
          "ndcg@50": 0.3376272390769171,
          "map": 0.21703519712720046,
          "p@10": 0.3
        },
        "ENSEMBLE (RRF)": {
          "ndcg@10": 0.25329540411053186,
          "ndcg@50": 0.27450822742150344,
          "map": 0.165878437844537,
          "p@10": 0.3
        }
      }
    }
  ]
}